{
    "name": "root",
    "gauges": {
        "CarDriver.Policy.Entropy.mean": {
            "value": 1.2595525979995728,
            "min": 1.2595525979995728,
            "max": 1.3421624898910522,
            "count": 40
        },
        "CarDriver.Policy.Entropy.sum": {
            "value": 31740.7265625,
            "min": 30876.37890625,
            "max": 34682.51171875,
            "count": 40
        },
        "CarDriver.Step.mean": {
            "value": 999989.0,
            "min": 24944.0,
            "max": 999989.0,
            "count": 40
        },
        "CarDriver.Step.sum": {
            "value": 999989.0,
            "min": 24944.0,
            "max": 999989.0,
            "count": 40
        },
        "CarDriver.Policy.ExtrinsicValueEstimate.mean": {
            "value": 12.640912055969238,
            "min": 5.86444091796875,
            "max": 12.792834281921387,
            "count": 40
        },
        "CarDriver.Policy.ExtrinsicValueEstimate.sum": {
            "value": 5220.69677734375,
            "min": 2527.573974609375,
            "max": 5304.0986328125,
            "count": 40
        },
        "CarDriver.Environment.EpisodeLength.mean": {
            "value": 299.0,
            "min": 299.0,
            "max": 399.0,
            "count": 40
        },
        "CarDriver.Environment.EpisodeLength.sum": {
            "value": 23023.0,
            "min": 19734.0,
            "max": 25212.0,
            "count": 40
        },
        "CarDriver.Environment.CumulativeReward.mean": {
            "value": 45.74999965023663,
            "min": 31.865453513102096,
            "max": 49.80389584658982,
            "count": 40
        },
        "CarDriver.Environment.CumulativeReward.sum": {
            "value": 3293.9999748170376,
            "min": 1752.5999432206154,
            "max": 3834.899980187416,
            "count": 40
        },
        "CarDriver.Policy.ExtrinsicReward.mean": {
            "value": 45.74999965023663,
            "min": 31.865453513102096,
            "max": 49.80389584658982,
            "count": 40
        },
        "CarDriver.Policy.ExtrinsicReward.sum": {
            "value": 3293.9999748170376,
            "min": 1752.5999432206154,
            "max": 3834.899980187416,
            "count": 40
        },
        "CarDriver.Losses.PolicyLoss.mean": {
            "value": 0.0239745876713035,
            "min": 0.019962447615883623,
            "max": 0.028223715959272037,
            "count": 40
        },
        "CarDriver.Losses.PolicyLoss.sum": {
            "value": 0.047949175342607,
            "min": 0.039924895231767246,
            "max": 0.07922908826731145,
            "count": 40
        },
        "CarDriver.Losses.ValueLoss.mean": {
            "value": 8.860841321945191,
            "min": 6.978789313634237,
            "max": 8.860841321945191,
            "count": 40
        },
        "CarDriver.Losses.ValueLoss.sum": {
            "value": 17.721682643890382,
            "min": 13.957578627268473,
            "max": 24.91268558502197,
            "count": 40
        },
        "CarDriver.Policy.LearningRate.mean": {
            "value": 4.512398495899992e-06,
            "min": 4.512398495899992e-06,
            "max": 0.00029533920155359997,
            "count": 40
        },
        "CarDriver.Policy.LearningRate.sum": {
            "value": 9.024796991799985e-06,
            "min": 9.024796991799985e-06,
            "max": 0.0008439792186735998,
            "count": 40
        },
        "CarDriver.Policy.Epsilon.mean": {
            "value": 0.10150410000000001,
            "min": 0.10150410000000001,
            "max": 0.19844639999999997,
            "count": 40
        },
        "CarDriver.Policy.Epsilon.sum": {
            "value": 0.20300820000000003,
            "min": 0.20300820000000003,
            "max": 0.5813264,
            "count": 40
        },
        "CarDriver.Policy.Beta.mean": {
            "value": 8.505458999999985e-05,
            "min": 8.505458999999985e-05,
            "max": 0.004922475360000001,
            "count": 40
        },
        "CarDriver.Policy.Beta.sum": {
            "value": 0.0001701091799999997,
            "min": 0.0001701091799999997,
            "max": 0.014068187360000001,
            "count": 40
        },
        "CarDriver.IsTraining.mean": {
            "value": 1.0,
            "min": 1.0,
            "max": 1.0,
            "count": 40
        },
        "CarDriver.IsTraining.sum": {
            "value": 1.0,
            "min": 1.0,
            "max": 1.0,
            "count": 40
        }
    },
    "metadata": {
        "timer_format_version": "0.1.0",
        "start_time_seconds": "1717504312",
        "python_version": "3.8.0 (tags/v3.8.0:fa919fd, Oct 14 2019, 19:37:50) [MSC v.1916 64 bit (AMD64)]",
        "command_line_arguments": "C:\\Users\\Gabriel Zambelli\\Desktop\\7o Quadrimestre\\CompGraf\\TrayRacing\\venv\\Scripts\\mlagents-learn --run-id=run2 results/configuration2.yaml --initialize-from=run1",
        "mlagents_version": "0.29.0",
        "mlagents_envs_version": "0.29.0",
        "communication_protocol_version": "1.5.0",
        "pytorch_version": "2.2.1+cpu",
        "numpy_version": "1.21.2",
        "end_time_seconds": "1717506703"
    },
    "total": 2391.319641,
    "count": 1,
    "self": 0.02073370000016439,
    "children": {
        "run_training.setup": {
            "total": 0.22269009999999945,
            "count": 1,
            "self": 0.22269009999999945
        },
        "TrainerController.start_learning": {
            "total": 2391.0762172,
            "count": 1,
            "self": 3.43997220000756,
            "children": {
                "TrainerController._reset_env": {
                    "total": 18.371292600000004,
                    "count": 1,
                    "self": 18.371292600000004
                },
                "TrainerController.advance": {
                    "total": 2369.1502337999927,
                    "count": 83426,
                    "self": 3.5389354999938405,
                    "children": {
                        "env_step": {
                            "total": 1711.0939009000124,
                            "count": 83426,
                            "self": 1560.4519017999912,
                            "children": {
                                "SubprocessEnvManager._take_step": {
                                    "total": 148.17700189999263,
                                    "count": 83427,
                                    "self": 11.255831399971441,
                                    "children": {
                                        "TorchPolicy.evaluate": {
                                            "total": 136.9211705000212,
                                            "count": 83427,
                                            "self": 30.168436600038746,
                                            "children": {
                                                "TorchPolicy.sample_actions": {
                                                    "total": 106.75273389998245,
                                                    "count": 83427,
                                                    "self": 106.75273389998245
                                                }
                                            }
                                        }
                                    }
                                },
                                "workers": {
                                    "total": 2.464997200028499,
                                    "count": 83426,
                                    "self": 0.0,
                                    "children": {
                                        "worker_root": {
                                            "total": 2357.604459699982,
                                            "count": 83426,