{
    "name": "root",
    "gauges": {
        "CarDriver.Policy.Entropy.mean": {
            "value": 0.18813031911849976,
            "min": 0.14238841831684113,
            "max": 0.25432634353637695,
            "count": 83
        },
        "CarDriver.Policy.Entropy.sum": {
            "value": 9391.4658203125,
            "min": 7108.02978515625,
            "max": 12695.970703125,
            "count": 83
        },
        "CarDriver.Step.mean": {
            "value": 4149940.0,
            "min": 49972.0,
            "max": 4149940.0,
            "count": 83
        },
        "CarDriver.Step.sum": {
            "value": 4149940.0,
            "min": 49972.0,
            "max": 4149940.0,
            "count": 83
        },
        "CarDriver.Policy.ExtrinsicValueEstimate.mean": {
            "value": 5.033295154571533,
            "min": -36.93077850341797,
            "max": 13.7918119430542,
            "count": 83
        },
        "CarDriver.Policy.ExtrinsicValueEstimate.sum": {
            "value": 3931.00341796875,
            "min": -28879.869140625,
            "max": 10771.4052734375,
            "count": 83
        },
        "CarDriver.Losses.PolicyLoss.mean": {
            "value": 0.020788583758985624,
            "min": 0.019476452929666266,
            "max": 0.027391648908766608,
            "count": 83
        },
        "CarDriver.Losses.PolicyLoss.sum": {
            "value": 0.0831543350359425,
            "min": 0.07790581171866506,
            "max": 0.13695824454383304,
            "count": 83
        },
        "CarDriver.Losses.ValueLoss.mean": {
            "value": 22.422100989023846,
            "min": 19.01697353363037,
            "max": 1441.4974034786226,
            "count": 83
        },
        "CarDriver.Losses.ValueLoss.sum": {
            "value": 89.68840395609539,
            "min": 76.46090129216512,
            "max": 5765.98961391449,
            "count": 83
        },
        "CarDriver.Policy.LearningRate.mean": {
            "value": 0.00017629864123379997,
            "min": 0.00017629864123379997,
            "max": 0.00029919378026874,
            "count": 83
        },
        "CarDriver.Policy.LearningRate.sum": {
            "value": 0.0007051945649351999,
            "min": 0.0007051945649351999,
            "max": 0.0014887122037625998,
            "count": 83
        },
        "CarDriver.Policy.Epsilon.mean": {
            "value": 0.15876620000000002,
            "min": 0.15876620000000002,
            "max": 0.19973125999999997,
            "count": 83
        },
        "CarDriver.Policy.Epsilon.sum": {
            "value": 0.6350648000000001,
            "min": 0.6350648000000001,
            "max": 0.9962374,
            "count": 83
        },
        "CarDriver.Policy.Beta.mean": {
            "value": 0.0029424333800000006,
            "min": 0.0029424333800000006,
            "max": 0.004986589874,
            "count": 83
        },
        "CarDriver.Policy.Beta.sum": {
            "value": 0.011769733520000002,
            "min": 0.011769733520000002,
            "max": 0.024812246260000004,
            "count": 83
        },
        "CarDriver.Environment.EpisodeLength.mean": {
            "value": 1599.0,
            "min": 1598.5,
            "max": 1599.0,
            "count": 83
        },
        "CarDriver.Environment.EpisodeLength.sum": {
            "value": 38376.0,
            "min": 38364.0,
            "max": 57564.0,
            "count": 83
        },
        "CarDriver.Environment.CumulativeReward.mean": {
            "value": 44.695827486614384,
            "min": -818.4250514830152,
            "max": 140.40416470418373,
            "count": 83
        },
        "CarDriver.Environment.CumulativeReward.sum": {
            "value": 1072.6998596787453,
            "min": -23519.101481199265,
            "max": 4647.899972140789,
            "count": 83
        },
        "CarDriver.Policy.ExtrinsicReward.mean": {
            "value": 44.695827486614384,
            "min": -818.4250514830152,
            "max": 140.40416470418373,
            "count": 83
        },
        "CarDriver.Policy.ExtrinsicReward.sum": {
            "value": 1072.6998596787453,
            "min": -23519.101481199265,
            "max": 4647.899972140789,
            "count": 83
        },
        "CarDriver.IsTraining.mean": {
            "value": 1.0,
            "min": 1.0,
            "max": 1.0,
            "count": 83
        },
        "CarDriver.IsTraining.sum": {
            "value": 1.0,
            "min": 1.0,
            "max": 1.0,
            "count": 83
        }
    },
    "metadata": {
        "timer_format_version": "0.1.0",
        "start_time_seconds": "1717856944",
        "python_version": "3.8.0 (tags/v3.8.0:fa919fd, Oct 14 2019, 19:37:50) [MSC v.1916 64 bit (AMD64)]",
        "command_line_arguments": "C:\\Users\\Gabriel Zambelli\\Desktop\\7o Quadrimestre\\CompGraf\\TrayRacing\\venv\\Scripts\\mlagents-learn --run-id=run3 results\\configuration2.yaml --initialize-from=run2",
        "mlagents_version": "0.29.0",
        "mlagents_envs_version": "0.29.0",
        "communication_protocol_version": "1.5.0",
        "pytorch_version": "2.2.1+cpu",
        "numpy_version": "1.21.2",
        "end_time_seconds": "1717869244"
    },
    "total": 12299.8738407,
    "count": 1,
    "self": 0.036499099998763995,
    "children": {
        "run_training.setup": {
            "total": 0.13069070000000016,
            "count": 1,
            "self": 0.13069070000000016
        },
        "TrainerController.start_learning": {
            "total": 12299.706650900001,
            "count": 1,
            "self": 10.451182799621165,
            "children": {
                "TrainerController._reset_env": {
                    "total": 10.0523009,
                    "count": 1,
                    "self": 10.0523009
                },
                "TrainerController.advance": {
                    "total": 12279.173503000377,
                    "count": 346780,
                    "self": 10.77524470059143,
                    "children": {
                        "env_step": {
                            "total": 10296.86342530009,
                            "count": 346780,
                            "self": 9497.532818600412,
                            "children": {
                                "SubprocessEnvManager._take_step": {
                                    "total": 791.3557339999275,
                                    "count": 346781,
                                    "self": 30.225282999857313,
                                    "children": {
                                        "TorchPolicy.evaluate": {
                                            "total": 761.1304510000701,
                                            "count": 346781,
                                            "self": 160.3507042997038,
                                            "children": {
                                                "TorchPolicy.sample_actions": {
                                                    "total": 600.7797467003663,
                                                    "count": 346781,
                                                    "self": 600.7797467003663
                                                }
                                            }
                                        }
                                    }
                                },
                                "workers": {
                                    "total": 7.974872699750808,
                                    "count": 346779,
                                    "self": 0.0,
                                    "children": {
                                        "worker_root": {
                                            "total": 12235.185127099867,
                                            "count": 346779,