{
    "name": "root",
    "gauges": {
        "CarDriver.Policy.Entropy.mean": {
            "value": 1.3435393571853638,
            "min": 1.3435393571853638,
            "max": 1.4219468832015991,
            "count": 40
        },
        "CarDriver.Policy.Entropy.sum": {
            "value": 34308.62109375,
            "min": 33284.62109375,
            "max": 36405.859375,
            "count": 40
        },
        "CarDriver.Step.mean": {
            "value": 999985.0,
            "min": 24944.0,
            "max": 999985.0,
            "count": 40
        },
        "CarDriver.Step.sum": {
            "value": 999985.0,
            "min": 24944.0,
            "max": 999985.0,
            "count": 40
        },
        "CarDriver.Policy.ExtrinsicValueEstimate.mean": {
            "value": 6.046029090881348,
            "min": -2.4966177940368652,
            "max": 6.763520240783691,
            "count": 40
        },
        "CarDriver.Policy.ExtrinsicValueEstimate.sum": {
            "value": 2642.11474609375,
            "min": -1240.819091796875,
            "max": 2921.8408203125,
            "count": 40
        },
        "CarDriver.Environment.EpisodeLength.mean": {
            "value": 399.0,
            "min": 199.0,
            "max": 439.6885245901639,
            "count": 40
        },
        "CarDriver.Environment.EpisodeLength.sum": {
            "value": 21945.0,
            "min": 21890.0,
            "max": 53642.0,
            "count": 40
        },
        "CarDriver.Environment.CumulativeReward.mean": {
            "value": 28.956450788244123,
            "min": -7.207272940332239,
            "max": 38.82545391863043,
            "count": 40
        },
        "CarDriver.Environment.CumulativeReward.sum": {
            "value": 1795.2999488711357,
            "min": -792.8000234365463,
            "max": 2441.199969828129,
            "count": 40
        },
        "CarDriver.Policy.ExtrinsicReward.mean": {
            "value": 28.956450788244123,
            "min": -7.207272940332239,
            "max": 38.82545391863043,
            "count": 40
        },
        "CarDriver.Policy.ExtrinsicReward.sum": {
            "value": 1795.2999488711357,
            "min": -792.8000234365463,
            "max": 2441.199969828129,
            "count": 40
        },
        "CarDriver.Losses.PolicyLoss.mean": {
            "value": 0.021535078987168773,
            "min": 0.01774113583378494,
            "max": 0.02615890812012367,
            "count": 40
        },
        "CarDriver.Losses.PolicyLoss.sum": {
            "value": 0.06460523696150632,
            "min": 0.03548227166756988,
            "max": 0.07765302446981272,
            "count": 40
        },
        "CarDriver.Losses.ValueLoss.mean": {
            "value": 6.959544208314685,
            "min": 1.6313177923361462,
            "max": 6.959544208314685,
            "count": 40
        },
        "CarDriver.Losses.ValueLoss.sum": {
            "value": 20.878632624944053,
            "min": 3.2626355846722923,
            "max": 20.878632624944053,
            "count": 40
        },
        "CarDriver.Policy.LearningRate.mean": {
            "value": 3.670198776633342e-06,
            "min": 3.670198776633342e-06,
            "max": 0.00029533920155359997,
            "count": 40
        },
        "CarDriver.Policy.LearningRate.sum": {
            "value": 1.1010596329900026e-05,
            "min": 1.1010596329900026e-05,
            "max": 0.0008439264186911998,
            "count": 40
        },
        "CarDriver.Policy.Epsilon.mean": {
            "value": 0.10122336666666665,
            "min": 0.10122336666666665,
            "max": 0.19844639999999997,
            "count": 40
        },
        "CarDriver.Policy.Epsilon.sum": {
            "value": 0.30367009999999994,
            "min": 0.20763180000000003,
            "max": 0.5813088,
            "count": 40
        },
        "CarDriver.Policy.Beta.mean": {
            "value": 7.104599666666684e-05,
            "min": 7.104599666666684e-05,
            "max": 0.004922475360000001,
            "count": 40
        },
        "CarDriver.Policy.Beta.sum": {
            "value": 0.0002131379900000005,
            "min": 0.0002131379900000005,
            "max": 0.01406730912,
            "count": 40
        },
        "CarDriver.IsTraining.mean": {
            "value": 1.0,
            "min": 1.0,
            "max": 1.0,
            "count": 40
        },
        "CarDriver.IsTraining.sum": {
            "value": 1.0,
            "min": 1.0,
            "max": 1.0,
            "count": 40
        }
    },
    "metadata": {
        "timer_format_version": "0.1.0",
        "start_time_seconds": "1717502173",
        "python_version": "3.8.0 (tags/v3.8.0:fa919fd, Oct 14 2019, 19:37:50) [MSC v.1916 64 bit (AMD64)]",
        "command_line_arguments": "C:\\Users\\Gabriel Zambelli\\Desktop\\7o Quadrimestre\\CompGraf\\TrayRacing\\venv\\Scripts\\mlagents-learn --run-id=run1 results/configuration.yaml",
        "mlagents_version": "0.29.0",
        "mlagents_envs_version": "0.29.0",
        "communication_protocol_version": "1.5.0",
        "pytorch_version": "2.2.1+cpu",
        "numpy_version": "1.21.2",
        "end_time_seconds": "1717504103"
    },
    "total": 1929.937327,
    "count": 1,
    "self": 0.06694780000020728,
    "children": {
        "run_training.setup": {
            "total": 0.13114139999999974,
            "count": 1,
            "self": 0.13114139999999974
        },
        "TrainerController.start_learning": {
            "total": 1929.7392378,
            "count": 1,
            "self": 2.368359399975361,
            "children": {
                "TrainerController._reset_env": {
                    "total": 15.3775399,
                    "count": 1,
                    "self": 15.3775399
                },
                "TrainerController.advance": {
                    "total": 1911.9127627000246,
                    "count": 83453,
                    "self": 2.5494131000070865,
                    "children": {
                        "env_step": {
                            "total": 1516.932853199999,
                            "count": 83453,
                            "self": 1412.4793111999975,
                            "children": {
                                "SubprocessEnvManager._take_step": {
                                    "total": 102.59103890001694,
                                    "count": 83454,
                                    "self": 7.8779614000313245,
                                    "children": {
                                        "TorchPolicy.evaluate": {
                                            "total": 94.71307749998562,
                                            "count": 83445,
                                            "self": 21.278110499959496,
                                            "children": {
                                                "TorchPolicy.sample_actions": {
                                                    "total": 73.43496700002612,
                                                    "count": 83445,
                                                    "self": 73.43496700002612
                                                }
                                            }
                                        }
                                    }
                                },
                                "workers": {
                                    "total": 1.862503099984547,
                                    "count": 83453,
                                    "self": 0.0,
                                    "children": {
                                        "worker_root": {
                                            "total": 1896.8563601000208,
                                            "count": 83453,
                                            "is_parallel": true,