{
    "name": "root",
    "gauges": {
        "CarDriver.Policy.Entropy.mean": {
            "value": 0.16505829989910126,
            "min": 0.16505829989910126,
            "max": 0.29319706559181213,
            "count": 15
        },
        "CarDriver.Policy.Entropy.sum": {
            "value": 8192.173828125,
            "min": 8192.173828125,
            "max": 14777.1318359375,
            "count": 15
        },
        "CarDriver.Step.mean": {
            "value": 749964.0,
            "min": 49968.0,
            "max": 749964.0,
            "count": 15
        },
        "CarDriver.Step.sum": {
            "value": 749964.0,
            "min": 49968.0,
            "max": 749964.0,
            "count": 15
        },
        "CarDriver.Policy.ExtrinsicValueEstimate.mean": {
            "value": 43.48908615112305,
            "min": 39.382049560546875,
            "max": 43.48908615112305,
            "count": 15
        },
        "CarDriver.Policy.ExtrinsicValueEstimate.sum": {
            "value": 43532.57421875,
            "min": 39460.8125,
            "max": 43532.57421875,
            "count": 15
        },
        "CarDriver.Environment.EpisodeLength.mean": {
            "value": 99.0,
            "min": 99.0,
            "max": 99.0,
            "count": 15
        },
        "CarDriver.Environment.EpisodeLength.sum": {
            "value": 49896.0,
            "min": 48708.0,
            "max": 49896.0,
            "count": 15
        },
        "CarDriver.Environment.CumulativeReward.mean": {
            "value": 43.475050928134095,
            "min": 38.033740547493224,
            "max": 43.822820876360424,
            "count": 15
        },
        "CarDriver.Environment.CumulativeReward.sum": {
            "value": 21867.95061685145,
            "min": 18712.600349366665,
            "max": 22069.100687980652,
            "count": 15
        },
        "CarDriver.Policy.ExtrinsicReward.mean": {
            "value": 43.475050928134095,
            "min": 38.033740547493224,
            "max": 43.822820876360424,
            "count": 15
        },
        "CarDriver.Policy.ExtrinsicReward.sum": {
            "value": 21867.95061685145,
            "min": 18712.600349366665,
            "max": 22069.100687980652,
            "count": 15
        },
        "CarDriver.Losses.PolicyLoss.mean": {
            "value": 0.021214704293524848,
            "min": 0.02037202695539842,
            "max": 0.026893532487253347,
            "count": 15
        },
        "CarDriver.Losses.PolicyLoss.sum": {
            "value": 0.10607352146762423,
            "min": 0.08674120104406029,
            "max": 0.13446766243626673,
            "count": 15
        },
        "CarDriver.Losses.ValueLoss.mean": {
            "value": 2.1025281310081483,
            "min": 1.9811654543876647,
            "max": 6.954257301489513,
            "count": 15
        },
        "CarDriver.Losses.ValueLoss.sum": {
            "value": 10.512640655040741,
            "min": 8.968699284394582,
            "max": 27.81702920595805,
            "count": 15
        },
        "CarDriver.Policy.LearningRate.mean": {
            "value": 8.304967231679997e-05,
            "min": 8.304967231679997e-05,
            "max": 0.00029202960265679997,
            "count": 15
        },
        "CarDriver.Policy.LearningRate.sum": {
            "value": 0.00041524836158399984,
            "min": 0.00039051866982719996,
            "max": 0.0013872480375839997,
            "count": 15
        },
        "CarDriver.Policy.Epsilon.mean": {
            "value": 0.12768319999999997,
            "min": 0.12768319999999997,
            "max": 0.19734319999999997,
            "count": 15
        },
        "CarDriver.Policy.Epsilon.sum": {
            "value": 0.6384159999999999,
            "min": 0.5301728000000001,
            "max": 0.9624159999999999,
            "count": 15
        },
        "CarDriver.Policy.Beta.mean": {
            "value": 0.00139139168,
            "min": 0.00139139168,
            "max": 0.004867425680000001,
            "count": 15
        },
        "CarDriver.Policy.Beta.sum": {
            "value": 0.006956958399999999,
            "min": 0.006535622719999999,
            "max": 0.023124558400000002,
            "count": 15
        },
        "CarDriver.IsTraining.mean": {
            "value": 1.0,
            "min": 1.0,
            "max": 1.0,
            "count": 15
        },
        "CarDriver.IsTraining.sum": {
            "value": 1.0,
            "min": 1.0,
            "max": 1.0,
            "count": 15
        }
    },
    "metadata": {
        "timer_format_version": "0.1.0",
        "start_time_seconds": "1717851164",
        "python_version": "3.8.0 (tags/v3.8.0:fa919fd, Oct 14 2019, 19:37:50) [MSC v.1916 64 bit (AMD64)]",
        "command_line_arguments": "C:\\Users\\Gabriel Zambelli\\Desktop\\7o Quadrimestre\\CompGraf\\TrayRacing\\venv\\Scripts\\mlagents-learn --run-id=run2 results\\configuration2.yaml --initialize-from=run1",
        "mlagents_version": "0.29.0",
        "mlagents_envs_version": "0.29.0",
        "communication_protocol_version": "1.5.0",
        "pytorch_version": "2.2.1+cpu",
        "numpy_version": "1.21.2",
        "end_time_seconds": "1717852888"
    },
    "total": 1724.216499,
    "count": 1,
    "self": 0.012481100000059087,
    "children": {
        "run_training.setup": {
            "total": 0.15508929999999976,
            "count": 1,
            "self": 0.15508929999999976
        },
        "TrainerController.start_learning": {
            "total": 1724.0489286,
            "count": 1,
            "self": 1.9270825000012337,
            "children": {
                "TrainerController._reset_env": {
                    "total": 16.7311727,
                    "count": 1,
                    "self": 16.7311727
                },
                "TrainerController.advance": {
                    "total": 1705.254278499999,
                    "count": 64567,
                    "self": 2.1118163999733497,
                    "children": {
                        "env_step": {
                            "total": 1332.3034795000196,
                            "count": 64567,
                            "self": 1185.8295337000127,
                            "children": {
                                "SubprocessEnvManager._take_step": {
                                    "total": 144.9967311000057,
                                    "count": 64567,
                                    "self": 6.045403100018234,
                                    "children": {
                                        "TorchPolicy.evaluate": {
                                            "total": 138.95132799998746,
                                            "count": 64567,
                                            "self": 30.908827099978396,
                                            "children": {
                                                "TorchPolicy.sample_actions": {
                                                    "total": 108.04250090000906,
                                                    "count": 64567,
                                                    "self": 108.04250090000906
                                                }
                                            }
                                        }
                                    }
                                },
                                "workers": {
                                    "total": 1.4772147000012374,
                                    "count": 64566,
                                    "self": 0.0,
                                    "children": {
                                        "worker_root": {
                                            "total": 1699.090872499996,
                                            "count": 64566,
                                            "is_parallel": true,