{
    "name": "root",
    "gauges": {
        "CarDriver.Policy.Entropy.mean": {
            "value": 0.7632855772972107,
            "min": 0.7628921270370483,
            "max": 0.8435200452804565,
            "count": 587
        },
        "CarDriver.Policy.Entropy.sum": {
            "value": 37810.11328125,
            "min": 37790.625,
            "max": 42432.43359375,
            "count": 587
        },
        "CarDriver.Step.mean": {
            "value": 29349952.0,
            "min": 49984.0,
            "max": 29349952.0,
            "count": 587
        },
        "CarDriver.Step.sum": {
            "value": 29349952.0,
            "min": 49984.0,
            "max": 29349952.0,
            "count": 587
        },
        "CarDriver.Policy.ExtrinsicValueEstimate.mean": {
            "value": 8.043169021606445,
            "min": 2.0483195781707764,
            "max": 8.657194137573242,
            "count": 587
        },
        "CarDriver.Policy.ExtrinsicValueEstimate.sum": {
            "value": 6426.49169921875,
            "min": 1636.6072998046875,
            "max": 6995.01318359375,
            "count": 587
        },
        "CarDriver.Environment.EpisodeLength.mean": {
            "value": 1999.0,
            "min": 1999.0,
            "max": 1999.0,
            "count": 587
        },
        "CarDriver.Environment.EpisodeLength.sum": {
            "value": 47976.0,
            "min": 47976.0,
            "max": 71964.0,
            "count": 587
        },
        "CarDriver.Environment.CumulativeReward.mean": {
            "value": 212.97916452462474,
            "min": -1.825006193170945,
            "max": 232.52499747773012,
            "count": 587
        },
        "CarDriver.Environment.CumulativeReward.sum": {
            "value": 5111.499948590994,
            "min": -43.800148636102676,
            "max": 6559.499935686588,
            "count": 587
        },
        "CarDriver.Policy.ExtrinsicReward.mean": {
            "value": 212.97916452462474,
            "min": -1.825006193170945,
            "max": 232.52499747773012,
            "count": 587
        },
        "CarDriver.Policy.ExtrinsicReward.sum": {
            "value": 5111.499948590994,
            "min": -43.800148636102676,
            "max": 6559.499935686588,
            "count": 587
        },
        "CarDriver.IsTraining.mean": {
            "value": 1.0,
            "min": 1.0,
            "max": 1.0,
            "count": 587
        },
        "CarDriver.IsTraining.sum": {
            "value": 1.0,
            "min": 1.0,
            "max": 1.0,
            "count": 587
        },
        "CarDriver.Losses.PolicyLoss.mean": {
            "value": 0.01824683049111627,
            "min": 0.015562650498080378,
            "max": 0.019030724064602208,
            "count": 143
        },
        "CarDriver.Losses.PolicyLoss.sum": {
            "value": 0.01824683049111627,
            "min": 0.015562650498080378,
            "max": 0.019030724064602208,
            "count": 143
        },
        "CarDriver.Losses.ValueLoss.mean": {
            "value": 5.040950843493143,
            "min": 4.1571767926216125,
            "max": 8.51321061929067,
            "count": 143
        },
        "CarDriver.Losses.ValueLoss.sum": {
            "value": 5.040950843493143,
            "min": 4.1571767926216125,
            "max": 8.51321061929067,
            "count": 143
        },
        "CarDriver.Policy.LearningRate.mean": {
            "value": 3.5331037337983994e-05,
            "min": 3.5331037337983994e-05,
            "max": 4.989747220505599e-05,
            "count": 143
        },
        "CarDriver.Policy.LearningRate.sum": {
            "value": 3.5331037337983994e-05,
            "min": 3.5331037337983994e-05,
            "max": 4.989747220505599e-05,
            "count": 143
        },
        "CarDriver.Policy.Epsilon.mean": {
            "value": 0.17066201600000006,
            "min": 0.17066201600000006,
            "max": 0.199794944,
            "count": 143
        },
        "CarDriver.Policy.Epsilon.sum": {
            "value": 0.17066201600000006,
            "min": 0.17066201600000006,
            "max": 0.199794944,
            "count": 143
        },
        "CarDriver.Policy.Beta.mean": {
            "value": 0.003536034598400001,
            "min": 0.003536034598400001,
            "max": 0.0049897677056,
            "count": 143
        },
        "CarDriver.Policy.Beta.sum": {
            "value": 0.003536034598400001,
            "min": 0.003536034598400001,
            "max": 0.0049897677056,
            "count": 143
        }
    },
    "metadata": {
        "timer_format_version": "0.1.0",
        "start_time_seconds": "1717545470",
        "python_version": "3.8.0 (tags/v3.8.0:fa919fd, Oct 14 2019, 19:37:50) [MSC v.1916 64 bit (AMD64)]",
        "command_line_arguments": "E:\\Gabriel\\Faculdade\\CompGraf\\TrayRacing\\venv\\Scripts\\mlagents-learn --run-id=run6 results/configuration2.yaml --initialize-from=run5",
        "mlagents_version": "0.29.0",
        "mlagents_envs_version": "0.29.0",
        "communication_protocol_version": "1.5.0",
        "pytorch_version": "2.2.1+cpu",
        "numpy_version": "1.21.2",
        "end_time_seconds": "1717584349"
    },
    "total": 38879.055655000004,
    "count": 1,
    "self": 10.02082280000468,
    "children": {
        "run_training.setup": {
            "total": 0.38050190000000006,
            "count": 1,
            "self": 0.38050190000000006
        },
        "TrainerController.start_learning": {
            "total": 38868.6543303,
            "count": 1,
            "self": 54.390463103947695,
            "children": {
                "TrainerController._reset_env": {
                    "total": 14.1091433,
                    "count": 1,
                    "self": 14.1091433
                },
                "TrainerController.advance": {
                    "total": 38799.819775296055,
                    "count": 2448024,
                    "self": 51.766882201700355,
                    "children": {
                        "env_step": {
                            "total": 28901.066736397748,
                            "count": 2448024,
                            "self": 26247.895700903093,
                            "children": {
                                "SubprocessEnvManager._take_step": {
                                    "total": 2612.1251860994257,
                                    "count": 2448024,
                                    "self": 173.03990989969498,
                                    "children": {
                                        "TorchPolicy.evaluate": {
                                            "total": 2439.0852761997307,
                                            "count": 2448024,
                                            "self": 518.2284630024449,
                                            "children": {
                                                "TorchPolicy.sample_actions": {
                                                    "total": 1920.8568131972859,
                                                    "count": 2448024,
                                                    "self": 1920.8568131972859
                                                }
                                            }
                                        }
                                    }
                                },
                                "workers": {
                                    "total": 41.04584939522981,
                                    "count": 2448023,
                                    "self": 0.0,
                                    "children": {
                                        "worker_root": {
                                            "total": 38768.15629979878,
                                            "count": 2448023,