{"count":1,"self":4750.8656128,"total":11691.338731799999,"children":{"InitializeActuators":{"count":12,"self":0.0029923,"total":0.0029923,"children":null},"InitializeSensors":{"count":12,"self":0.0029938,"total":0.0029938,"children":null},"AgentSendState":{"count":1782384,"self":382.1592576,"total":1700.4397728,"children":{"CollectObservations":{"count":4277724,"self":1204.79488,"total":1204.794882,"children":null},"WriteActionMask":{"count":4277724,"self":3.5017544,"total":3.5017544999999997,"children":null},"RequestDecision":{"count":4277724,"self":20.5965216,"total":109.98387249999999,"children":{"AgentInfo.ToProto":{"count":4277724,"self":15.391579199999999,"total":89.3873508,"children":{"GenerateSensorData":{"count":4277724,"self":63.541824,"total":73.9957721,"children":{"RayPerceptionSensor.Perceive":{"count":4277724,"self":10.4539488,"total":10.4539492,"children":null}}}}}}}}},"DecideAction":{"count":1782384,"self":5202.8575744,"total":5202.8574129,"children":null},"AgentAct":{"count":1782384,"self":36.3640512,"total":37.1680365,"children":{"AgentInfo.ToProto":{"count":42768,"self":0.15196959999999998,"total":0.80398399999999992,"children":{"GenerateSensorData":{"count":42768,"self":0.54124169999999994,"total":0.6520144,"children":{"RayPerceptionSensor.Perceive":{"count":42768,"self":0.1107727,"total":0.1107727,"children":null}}}}}}}},"gauges":{"CarDriver.CumulativeReward":{"count":42768,"max":47.1500473,"min":-47.24983,"runningAverage":17.3102016,"value":28.55002,"weightedAverage":24.5312176}},"metadata":{"timer_format_version":"0.1.0","start_time_seconds":"1717945319","unity_version":"2022.3.27f1","command_line_arguments":"C:\\Program Files\\Unity\\Hub\\Editor\\2022.3.27f1\\Editor\\Unity.exe -projectpath C:\\Users\\Gabriel Zambelli\\Desktop\\7o Quadrimestre\\CompGraf\\TrayRacing -useHub -hubIPC -cloudEnvironment production -licensingIpc LicenseClient-Gabriel Zambelli -hubSessionId 4652b5af-da71-4fe3-b6c2-2978028f9240 -accessToken C8UPTWL2Xhlh1JKK0Fhu6ZvH4Wzu07xVnrUbZU8Q9-0004f","communication_protocol_version":"1.5.0","com.unity.ml-agents_version":"2.0.1","scene_name":"ML CarTrain","end_time_seconds":"1717957010"}}