{
    "name": "root",
    "gauges": {
        "CarDriver.Policy.Entropy.mean": {
            "value": 1.4206666946411133,
            "min": 1.4206666946411133,
            "max": 1.4206666946411133,
            "count": 1
        },
        "CarDriver.Policy.Entropy.sum": {
            "value": 71601.6015625,
            "min": 71601.6015625,
            "max": 71601.6015625,
            "count": 1
        },
        "CarDriver.Step.mean": {
            "value": 49968.0,
            "min": 49968.0,
            "max": 49968.0,
            "count": 1
        },
        "CarDriver.Step.sum": {
            "value": 49968.0,
            "min": 49968.0,
            "max": 49968.0,
            "count": 1
        },
        "CarDriver.Policy.ExtrinsicValueEstimate.mean": {
            "value": -3.7226715087890625,
            "min": -3.7226715087890625,
            "max": -3.7226715087890625,
            "count": 1
        },
        "CarDriver.Policy.ExtrinsicValueEstimate.sum": {
            "value": -3707.78076171875,
            "min": -3707.78076171875,
            "max": -3707.78076171875,
            "count": 1
        },
        "CarDriver.Environment.EpisodeLength.mean": {
            "value": 99.0,
            "min": 99.0,
            "max": 99.0,
            "count": 1
        },
        "CarDriver.Environment.EpisodeLength.sum": {
            "value": 49896.0,
            "min": 49896.0,
            "max": 49896.0,
            "count": 1
        },
        "CarDriver.Environment.CumulativeReward.mean": {
            "value": -18.096747776114842,
            "min": -18.096747776114842,
            "max": -18.096747776114842,
            "count": 1
        },
        "CarDriver.Environment.CumulativeReward.sum": {
            "value": -8903.599905848503,
            "min": -8903.599905848503,
            "max": -8903.599905848503,
            "count": 1
        },
        "CarDriver.Policy.ExtrinsicReward.mean": {
            "value": -18.096747776114842,
            "min": -18.096747776114842,
            "max": -18.096747776114842,
            "count": 1
        },
        "CarDriver.Policy.ExtrinsicReward.sum": {
            "value": -8903.599905848503,
            "min": -8903.599905848503,
            "max": -8903.599905848503,
            "count": 1
        },
        "CarDriver.Losses.PolicyLoss.mean": {
            "value": 0.023961111292010173,
            "min": 0.023961111292010173,
            "max": 0.023961111292010173,
            "count": 1
        },
        "CarDriver.Losses.PolicyLoss.sum": {
            "value": 0.09584444516804069,
            "min": 0.09584444516804069,
            "max": 0.09584444516804069,
            "count": 1
        },
        "CarDriver.Losses.ValueLoss.mean": {
            "value": 20.335051862398785,
            "min": 20.335051862398785,
            "max": 20.335051862398785,
            "count": 1
        },
        "CarDriver.Losses.ValueLoss.sum": {
            "value": 81.34020744959514,
            "min": 81.34020744959514,
            "max": 81.34020744959514,
            "count": 1
        },
        "CarDriver.Policy.LearningRate.mean": {
            "value": 0.00028405920531359997,
            "min": 0.00028405920531359997,
            "max": 0.00028405920531359997,
            "count": 1
        },
        "CarDriver.Policy.LearningRate.sum": {
            "value": 0.0011362368212543999,
            "min": 0.0011362368212543999,
            "max": 0.0011362368212543999,
            "count": 1
        },
        "CarDriver.Policy.Epsilon.mean": {
            "value": 0.19468640000000004,
            "min": 0.19468640000000004,
            "max": 0.19468640000000004,
            "count": 1
        },
        "CarDriver.Policy.Epsilon.sum": {
            "value": 0.7787456000000001,
            "min": 0.7787456000000001,
            "max": 0.7787456000000001,
            "count": 1
        },
        "CarDriver.Policy.Beta.mean": {
            "value": 0.00473485136,
            "min": 0.00473485136,
            "max": 0.00473485136,
            "count": 1
        },
        "CarDriver.Policy.Beta.sum": {
            "value": 0.01893940544,
            "min": 0.01893940544,
            "max": 0.01893940544,
            "count": 1
        },
        "CarDriver.IsTraining.mean": {
            "value": 1.0,
            "min": 1.0,
            "max": 1.0,
            "count": 1
        },
        "CarDriver.IsTraining.sum": {
            "value": 1.0,
            "min": 1.0,
            "max": 1.0,
            "count": 1
        }
    },
    "metadata": {
        "timer_format_version": "0.1.0",
        "start_time_seconds": "1717207314",
        "python_version": "3.8.0 (tags/v3.8.0:fa919fd, Oct 14 2019, 19:37:50) [MSC v.1916 64 bit (AMD64)]",
        "command_line_arguments": "C:\\Users\\Gabriel Zambelli\\Desktop\\7o Quadrimestre\\CompGraf\\TrayRacing\\venv\\Scripts\\mlagents-learn --run-id=Test2 --initialize-from=Test1",
        "mlagents_version": "0.29.0",
        "mlagents_envs_version": "0.29.0",
        "communication_protocol_version": "1.5.0",
        "pytorch_version": "2.2.1+cpu",
        "numpy_version": "1.21.2",
        "end_time_seconds": "1717207436"
    },
    "total": 121.5486554,
    "count": 1,
    "self": 0.022480199999989736,
    "children": {
        "run_training.setup": {
            "total": 0.13290820000000014,
            "count": 1,
            "self": 0.13290820000000014
        },
        "TrainerController.start_learning": {
            "total": 121.39326700000001,
            "count": 1,
            "self": 0.15557980000038185,
            "children": {
                "TrainerController._reset_env": {
                    "total": 12.187674900000001,
                    "count": 1,
                    "self": 12.187674900000001
                },
                "TrainerController.advance": {
                    "total": 108.88891309999963,
                    "count": 5097,
                    "self": 0.16123299999972573,
                    "children": {
                        "env_step": {
                            "total": 85.4094763999996,
                            "count": 5097,
                            "self": 78.80601980000026,
                            "children": {
                                "SubprocessEnvManager._take_step": {
                                    "total": 6.487976299999577,
                                    "count": 5097,
                                    "self": 0.49632279999879714,
                                    "children": {
                                        "TorchPolicy.evaluate": {
                                            "total": 5.99165350000078,
                                            "count": 5097,
                                            "self": 1.2917456000006293,
                                            "children": {
                                                "TorchPolicy.sample_actions": {
                                                    "total": 4.6999079000001505,
                                                    "count": 5097,
                                                    "self": 4.6999079000001505
                                                }
                                            }
                                        }
                                    }
                                },
                                "workers": {
                                    "total": 0.11548029999977594,
                                    "count": 5096,
                                    "self": 0.0,
                                    "children": {
                                        "worker_root": {
                                            "total": 103.10465590000022,
                                            "count": 5096,
                                            "is_parallel": true,