{
    "name": "root",
    "gauges": {
        "CarDriver.Policy.Entropy.mean": {
            "value": 0.2764729857444763,
            "min": 0.26396337151527405,
            "max": 0.47699394822120667,
            "count": 47
        },
        "CarDriver.Policy.Entropy.sum": {
            "value": 2654.140625,
            "min": 2534.04833984375,
            "max": 4945.47314453125,
            "count": 47
        },
        "CarDriver.Step.mean": {
            "value": 469972.0,
            "min": 9984.0,
            "max": 469972.0,
            "count": 47
        },
        "CarDriver.Step.sum": {
            "value": 469972.0,
            "min": 9984.0,
            "max": 469972.0,
            "count": 47
        },
        "CarDriver.Policy.ExtrinsicValueEstimate.mean": {
            "value": 11.735650062561035,
            "min": 5.846606731414795,
            "max": 12.817118644714355,
            "count": 47
        },
        "CarDriver.Policy.ExtrinsicValueEstimate.sum": {
            "value": 2323.65869140625,
            "min": 1221.9407958984375,
            "max": 2537.78955078125,
            "count": 47
        },
        "CarDriver.Environment.EpisodeLength.mean": {
            "value": 199.0,
            "min": 99.0,
            "max": 199.0,
            "count": 47
        },
        "CarDriver.Environment.EpisodeLength.sum": {
            "value": 9552.0,
            "min": 7140.0,
            "max": 11940.0,
            "count": 47
        },
        "CarDriver.Environment.CumulativeReward.mean": {
            "value": 21.233333001223702,
            "min": 6.4583327611287435,
            "max": 33.810416009277105,
            "count": 47
        },
        "CarDriver.Environment.CumulativeReward.sum": {
            "value": 1019.1999840587378,
            "min": 387.4999656677246,
            "max": 1719.399975180626,
            "count": 47
        },
        "CarDriver.Policy.ExtrinsicReward.mean": {
            "value": 21.233333001223702,
            "min": 6.4583327611287435,
            "max": 33.810416009277105,
            "count": 47
        },
        "CarDriver.Policy.ExtrinsicReward.sum": {
            "value": 1019.1999840587378,
            "min": 387.4999656677246,
            "max": 1719.399975180626,
            "count": 47
        },
        "CarDriver.IsTraining.mean": {
            "value": 1.0,
            "min": 1.0,
            "max": 1.0,
            "count": 47
        },
        "CarDriver.IsTraining.sum": {
            "value": 1.0,
            "min": 1.0,
            "max": 1.0,
            "count": 47
        },
        "CarDriver.Losses.PolicyLoss.mean": {
            "value": 0.018897446477785705,
            "min": 0.01609576641737173,
            "max": 0.03195319562219083,
            "count": 45
        },
        "CarDriver.Losses.PolicyLoss.sum": {
            "value": 0.018897446477785705,
            "min": 0.01609576641737173,
            "max": 0.03195319562219083,
            "count": 45
        },
        "CarDriver.Losses.ValueLoss.mean": {
            "value": 16.061655267079672,
            "min": 10.76486644744873,
            "max": 29.924063618977865,
            "count": 45
        },
        "CarDriver.Losses.ValueLoss.sum": {
            "value": 16.061655267079672,
            "min": 10.76486644744873,
            "max": 29.924063618977865,
            "count": 45
        },
        "CarDriver.Policy.LearningRate.mean": {
            "value": 0.0002859142846952399,
            "min": 0.0002859142846952399,
            "max": 0.00029968896010368,
            "count": 45
        },
        "CarDriver.Policy.LearningRate.sum": {
            "value": 0.0002859142846952399,
            "min": 0.0002859142846952399,
            "max": 0.00029968896010368,
            "count": 45
        },
        "CarDriver.Policy.Epsilon.mean": {
            "value": 0.19530476000000002,
            "min": 0.19530476000000002,
            "max": 0.19989631999999996,
            "count": 45
        },
        "CarDriver.Policy.Epsilon.sum": {
            "value": 0.19530476000000002,
            "min": 0.19530476000000002,
            "max": 0.19989631999999996,
            "count": 45
        },
        "CarDriver.Policy.Beta.mean": {
            "value": 0.004765707523999999,
            "min": 0.004765707523999999,
            "max": 0.004994826368,
            "count": 45
        },
        "CarDriver.Policy.Beta.sum": {
            "value": 0.004765707523999999,
            "min": 0.004765707523999999,
            "max": 0.004994826368,
            "count": 45
        }
    },
    "metadata": {
        "timer_format_version": "0.1.0",
        "start_time_seconds": "1717877281",
        "python_version": "3.8.0 (tags/v3.8.0:fa919fd, Oct 14 2019, 19:37:50) [MSC v.1916 64 bit (AMD64)]",
        "command_line_arguments": "C:\\Users\\Gabriel Zambelli\\Desktop\\7o Quadrimestre\\CompGraf\\TrayRacing\\venv\\Scripts\\mlagents-learn --run-id=run5 results\\configuration2.yaml --initialize-from=run4",
        "mlagents_version": "0.29.0",
        "mlagents_envs_version": "0.29.0",
        "communication_protocol_version": "1.5.0",
        "pytorch_version": "2.2.1+cpu",
        "numpy_version": "1.21.2",
        "end_time_seconds": "1717878490"
    },
    "total": 1209.3088244,
    "count": 1,
    "self": 0.011091699999951743,
    "children": {
        "run_training.setup": {
            "total": 0.15809179999999978,
            "count": 1,
            "self": 0.15809179999999978
        },
        "TrainerController.start_learning": {
            "total": 1209.1396409000001,
            "count": 1,
            "self": 1.1820001000110096,
            "children": {
                "TrainerController._reset_env": {
                    "total": 13.4431625,
                    "count": 1,
                    "self": 13.4431625
                },
                "TrainerController.advance": {
                    "total": 1194.312138299989,
                    "count": 39357,
                    "self": 1.3150751999830845,
                    "children": {
                        "env_step": {
                            "total": 966.0256773000027,
                            "count": 39357,
                            "self": 878.9996148999993,
                            "children": {
                                "SubprocessEnvManager._take_step": {
                                    "total": 86.1227677000074,
                                    "count": 39358,
                                    "self": 3.4790495000092534,
                                    "children": {
                                        "TorchPolicy.evaluate": {
                                            "total": 82.64371819999815,
                                            "count": 39358,
                                            "self": 18.59920539998741,
                                            "children": {
                                                "TorchPolicy.sample_actions": {
                                                    "total": 64.04451280001074,
                                                    "count": 39358,
                                                    "self": 64.04451280001074
                                                }
                                            }
                                        }
                                    }
                                },
                                "workers": {
                                    "total": 0.9032946999960352,
                                    "count": 39356,
                                    "self": 0.0,
                                    "children": {
                                        "worker_root": {
                                            "total": 1169.8764849000079,
                                            "count": 39356,