{
    "name": "root",
    "gauges": {
        "CarDriver.Policy.Entropy.mean": {
            "value": 1.4177721738815308,
            "min": 1.4177721738815308,
            "max": 1.4177721738815308,
            "count": 1
        },
        "CarDriver.Policy.Entropy.sum": {
            "value": 71455.71875,
            "min": 71455.71875,
            "max": 71455.71875,
            "count": 1
        },
        "CarDriver.Step.mean": {
            "value": 49968.0,
            "min": 49968.0,
            "max": 49968.0,
            "count": 1
        },
        "CarDriver.Step.sum": {
            "value": 49968.0,
            "min": 49968.0,
            "max": 49968.0,
            "count": 1
        },
        "CarDriver.Policy.ExtrinsicValueEstimate.mean": {
            "value": -1.437328815460205,
            "min": -1.437328815460205,
            "max": -1.437328815460205,
            "count": 1
        },
        "CarDriver.Policy.ExtrinsicValueEstimate.sum": {
            "value": -1431.5794677734375,
            "min": -1431.5794677734375,
            "max": -1431.5794677734375,
            "count": 1
        },
        "CarDriver.Environment.EpisodeLength.mean": {
            "value": 99.0,
            "min": 99.0,
            "max": 99.0,
            "count": 1
        },
        "CarDriver.Environment.EpisodeLength.sum": {
            "value": 49896.0,
            "min": 49896.0,
            "max": 49896.0,
            "count": 1
        },
        "CarDriver.Environment.CumulativeReward.mean": {
            "value": -7.305894382070841,
            "min": -7.305894382070841,
            "max": -7.305894382070841,
            "count": 1
        },
        "CarDriver.Environment.CumulativeReward.sum": {
            "value": -3594.5000359788537,
            "min": -3594.5000359788537,
            "max": -3594.5000359788537,
            "count": 1
        },
        "CarDriver.Policy.ExtrinsicReward.mean": {
            "value": -7.305894382070841,
            "min": -7.305894382070841,
            "max": -7.305894382070841,
            "count": 1
        },
        "CarDriver.Policy.ExtrinsicReward.sum": {
            "value": -3594.5000359788537,
            "min": -3594.5000359788537,
            "max": -3594.5000359788537,
            "count": 1
        },
        "CarDriver.Losses.PolicyLoss.mean": {
            "value": 0.02577860684444507,
            "min": 0.02577860684444507,
            "max": 0.02577860684444507,
            "count": 1
        },
        "CarDriver.Losses.PolicyLoss.sum": {
            "value": 0.10311442737778027,
            "min": 0.10311442737778027,
            "max": 0.10311442737778027,
            "count": 1
        },
        "CarDriver.Losses.ValueLoss.mean": {
            "value": 2.832785403728485,
            "min": 2.832785403728485,
            "max": 2.832785403728485,
            "count": 1
        },
        "CarDriver.Losses.ValueLoss.sum": {
            "value": 11.33114161491394,
            "min": 11.33114161491394,
            "max": 11.33114161491394,
            "count": 1
        },
        "CarDriver.Policy.LearningRate.mean": {
            "value": 0.00028405920531359997,
            "min": 0.00028405920531359997,
            "max": 0.00028405920531359997,
            "count": 1
        },
        "CarDriver.Policy.LearningRate.sum": {
            "value": 0.0011362368212543999,
            "min": 0.0011362368212543999,
            "max": 0.0011362368212543999,
            "count": 1
        },
        "CarDriver.Policy.Epsilon.mean": {
            "value": 0.19468640000000004,
            "min": 0.19468640000000004,
            "max": 0.19468640000000004,
            "count": 1
        },
        "CarDriver.Policy.Epsilon.sum": {
            "value": 0.7787456000000001,
            "min": 0.7787456000000001,
            "max": 0.7787456000000001,
            "count": 1
        },
        "CarDriver.Policy.Beta.mean": {
            "value": 0.00473485136,
            "min": 0.00473485136,
            "max": 0.00473485136,
            "count": 1
        },
        "CarDriver.Policy.Beta.sum": {
            "value": 0.01893940544,
            "min": 0.01893940544,
            "max": 0.01893940544,
            "count": 1
        },
        "CarDriver.IsTraining.mean": {
            "value": 1.0,
            "min": 1.0,
            "max": 1.0,
            "count": 1
        },
        "CarDriver.IsTraining.sum": {
            "value": 1.0,
            "min": 1.0,
            "max": 1.0,
            "count": 1
        }
    },
    "metadata": {
        "timer_format_version": "0.1.0",
        "start_time_seconds": "1717207095",
        "python_version": "3.8.0 (tags/v3.8.0:fa919fd, Oct 14 2019, 19:37:50) [MSC v.1916 64 bit (AMD64)]",
        "command_line_arguments": "C:\\Users\\Gabriel Zambelli\\Desktop\\7o Quadrimestre\\CompGraf\\TrayRacing\\venv\\Scripts\\mlagents-learn --run-id=Test1",
        "mlagents_version": "0.29.0",
        "mlagents_envs_version": "0.29.0",
        "communication_protocol_version": "1.5.0",
        "pytorch_version": "2.2.1+cpu",
        "numpy_version": "1.21.2",
        "end_time_seconds": "1717207261"
    },
    "total": 166.40439170000002,
    "count": 1,
    "self": 0.02625510000001441,
    "children": {
        "run_training.setup": {
            "total": 0.12625659999999783,
            "count": 1,
            "self": 0.12625659999999783
        },
        "TrainerController.start_learning": {
            "total": 166.25188,
            "count": 1,
            "self": 0.18952829999923893,
            "children": {
                "TrainerController._reset_env": {
                    "total": 18.072149800000002,
                    "count": 1,
                    "self": 18.072149800000002
                },
                "TrainerController.advance": {
                    "total": 147.52960020000077,
                    "count": 6224,
                    "self": 0.1963673000003041,
                    "children": {
                        "env_step": {
                            "total": 120.72842539999978,
                            "count": 6224,
                            "self": 112.41804819999675,
                            "children": {
                                "SubprocessEnvManager._take_step": {
                                    "total": 8.16897740000087,
                                    "count": 6224,
                                    "self": 0.6093041000012178,
                                    "children": {
                                        "TorchPolicy.evaluate": {
                                            "total": 7.559673299999652,
                                            "count": 6224,
                                            "self": 1.623870299999453,
                                            "children": {
                                                "TorchPolicy.sample_actions": {
                                                    "total": 5.935803000000199,
                                                    "count": 6224,
                                                    "self": 5.935803000000199
                                                }
                                            }
                                        }
                                    }
                                },
                                "workers": {
                                    "total": 0.14139980000216923,
                                    "count": 6223,
                                    "self": 0.0,
                                    "children": {
                                        "worker_root": {
                                            "total": 141.8855560000003,
                                            "count": 6223,
                                            "is_parallel": true,
                                            "self": 50.82934300000041,