{
    "name": "root",
    "gauges": {
        "CarDriver.Policy.Entropy.mean": {
            "value": 0.25164568424224854,
            "min": 0.21724462509155273,
            "max": 0.26097139716148376,
            "count": 20
        },
        "CarDriver.Policy.Entropy.sum": {
            "value": 12658.78515625,
            "min": 10928.2734375,
            "max": 12927.4794921875,
            "count": 20
        },
        "CarDriver.Step.mean": {
            "value": 999988.0,
            "min": 49940.0,
            "max": 999988.0,
            "count": 20
        },
        "CarDriver.Step.sum": {
            "value": 999988.0,
            "min": 49940.0,
            "max": 999988.0,
            "count": 20
        },
        "CarDriver.Policy.ExtrinsicValueEstimate.mean": {
            "value": 3.087578058242798,
            "min": -1.6880521774291992,
            "max": 23.367341995239258,
            "count": 20
        },
        "CarDriver.Policy.ExtrinsicValueEstimate.sum": {
            "value": 2470.0625,
            "min": -1348.753662109375,
            "max": 18693.873046875,
            "count": 20
        },
        "CarDriver.Environment.EpisodeLength.mean": {
            "value": 999.0,
            "min": 496.0,
            "max": 999.0,
            "count": 20
        },
        "CarDriver.Environment.EpisodeLength.sum": {
            "value": 47952.0,
            "min": 41664.0,
            "max": 59940.0,
            "count": 20
        },
        "CarDriver.Environment.CumulativeReward.mean": {
            "value": 46.495830112447344,
            "min": -15.018753680090109,
            "max": 52.42291336258253,
            "count": 20
        },
        "CarDriver.Environment.CumulativeReward.sum": {
            "value": 2231.7998453974724,
            "min": -720.9001766443253,
            "max": 2516.299841403961,
            "count": 20
        },
        "CarDriver.Policy.ExtrinsicReward.mean": {
            "value": 46.495830112447344,
            "min": -15.018753680090109,
            "max": 52.42291336258253,
            "count": 20
        },
        "CarDriver.Policy.ExtrinsicReward.sum": {
            "value": 2231.7998453974724,
            "min": -720.9001766443253,
            "max": 2516.299841403961,
            "count": 20
        },
        "CarDriver.Losses.PolicyLoss.mean": {
            "value": 0.02521319198499744,
            "min": 0.020427394970320166,
            "max": 0.026108141311754783,
            "count": 20
        },
        "CarDriver.Losses.PolicyLoss.sum": {
            "value": 0.1260659599249872,
            "min": 0.08781418497674166,
            "max": 0.13054070655877392,
            "count": 20
        },
        "CarDriver.Losses.ValueLoss.mean": {
            "value": 16.415320860544842,
            "min": 13.582852490743003,
            "max": 18.470366961161297,
            "count": 20
        },
        "CarDriver.Losses.ValueLoss.sum": {
            "value": 82.0766043027242,
            "min": 60.76437231699626,
            "max": 92.35183480580649,
            "count": 20
        },
        "CarDriver.Policy.LearningRate.mean": {
            "value": 7.0846576384799975e-06,
            "min": 7.0846576384799975e-06,
            "max": 0.0002921835026055,
            "count": 20
        },
        "CarDriver.Policy.LearningRate.sum": {
            "value": 3.542328819239999e-05,
            "min": 3.542328819239999e-05,
            "max": 0.0013898580367139998,
            "count": 20
        },
        "CarDriver.Policy.Epsilon.mean": {
            "value": 0.10236152000000003,
            "min": 0.10236152000000003,
            "max": 0.19739449999999995,
            "count": 20
        },
        "CarDriver.Policy.Epsilon.sum": {
            "value": 0.5118076000000001,
            "min": 0.47032160000000006,
            "max": 0.9632860000000003,
            "count": 20
        },
        "CarDriver.Policy.Beta.mean": {
            "value": 0.00012783984799999995,
            "min": 0.00012783984799999995,
            "max": 0.004869985550000001,
            "count": 20
        },
        "CarDriver.Policy.Beta.sum": {
            "value": 0.0006391992399999998,
            "min": 0.0006391992399999998,
            "max": 0.0231679714,
            "count": 20
        },
        "CarDriver.IsTraining.mean": {
            "value": 1.0,
            "min": 1.0,
            "max": 1.0,
            "count": 20
        },
        "CarDriver.IsTraining.sum": {
            "value": 1.0,
            "min": 1.0,
            "max": 1.0,
            "count": 20
        }
    },
    "metadata": {
        "timer_format_version": "0.1.0",
        "start_time_seconds": "1717629481",
        "python_version": "3.8.0 (tags/v3.8.0:fa919fd, Oct 14 2019, 19:37:50) [MSC v.1916 64 bit (AMD64)]",
        "command_line_arguments": "C:\\Users\\Gabriel Zambelli\\Desktop\\7o Quadrimestre\\CompGraf\\TrayRacing\\venv\\Scripts\\mlagents-learn --run-id=newrun3 results/configuration2.yaml --initialize-from=newrun2",
        "mlagents_version": "0.29.0",
        "mlagents_envs_version": "0.29.0",
        "communication_protocol_version": "1.5.0",
        "pytorch_version": "2.2.1+cpu",
        "numpy_version": "1.21.2",
        "end_time_seconds": "1717632197"
    },
    "total": 2716.4392579,
    "count": 1,
    "self": 0.03826489999983096,
    "children": {
        "run_training.setup": {
            "total": 0.16199980000000025,
            "count": 1,
            "self": 0.16199980000000025
        },
        "TrainerController.start_learning": {
            "total": 2716.2389932,
            "count": 1,
            "self": 2.321664400034024,
            "children": {
                "TrainerController._reset_env": {
                    "total": 36.0074842,
                    "count": 1,
                    "self": 36.0074842
                },
                "TrainerController.advance": {
                    "total": 2677.5156874999666,
                    "count": 83389,
                    "self": 2.5522387000132767,
                    "children": {
                        "env_step": {
                            "total": 2238.2879551999604,
                            "count": 83389,
                            "self": 2061.2872686999335,
                            "children": {
                                "SubprocessEnvManager._take_step": {
                                    "total": 175.17968560005204,
                                    "count": 83390,
                                    "self": 6.88624220004175,
                                    "children": {
                                        "TorchPolicy.evaluate": {
                                            "total": 168.2934434000103,
                                            "count": 83390,
                                            "self": 36.43832589998945,
                                            "children": {
                                                "TorchPolicy.sample_actions": {
                                                    "total": 131.85511750002084,
                                                    "count": 83390,
                                                    "self": 131.85511750002084
                                                }
                                            }
                                        }
                                    }
                                },
                                "workers": {
                                    "total": 1.8210008999749974,
                                    "count": 83389,
                                    "self": 0.0,
                                    "children": {
                                        "worker_root": {
                                            "total": 2650.7462038999947,
                                            "count": 83389,