{
    "name": "root",
    "gauges": {
        "CarDriver.Policy.Entropy.mean": {
            "value": 0.162030890583992,
            "min": 0.15588593482971191,
            "max": 0.3182204067707062,
            "count": 230
        },
        "CarDriver.Policy.Entropy.sum": {
            "value": 1679.936279296875,
            "min": 1511.4700927734375,
            "max": 3299.30908203125,
            "count": 230
        },
        "CarDriver.Step.mean": {
            "value": 2299968.0,
            "min": 9984.0,
            "max": 2299968.0,
            "count": 230
        },
        "CarDriver.Step.sum": {
            "value": 2299968.0,
            "min": 9984.0,
            "max": 2299968.0,
            "count": 230
        },
        "CarDriver.Policy.ExtrinsicValueEstimate.mean": {
            "value": 14.123123168945312,
            "min": 4.856713771820068,
            "max": 16.15572166442871,
            "count": 230
        },
        "CarDriver.Policy.ExtrinsicValueEstimate.sum": {
            "value": 2796.37841796875,
            "min": 1010.0665283203125,
            "max": 3214.98876953125,
            "count": 230
        },
        "CarDriver.Environment.EpisodeLength.mean": {
            "value": 199.0,
            "min": 199.0,
            "max": 199.0,
            "count": 230
        },
        "CarDriver.Environment.EpisodeLength.sum": {
            "value": 9552.0,
            "min": 9552.0,
            "max": 11940.0,
            "count": 230
        },
        "CarDriver.Environment.CumulativeReward.mean": {
            "value": 36.57708320269982,
            "min": 1.8854161802058418,
            "max": 39.70714269000657,
            "count": 230
        },
        "CarDriver.Environment.CumulativeReward.sum": {
            "value": 1755.6999937295914,
            "min": 90.49997664988041,
            "max": 2202.2499896883965,
            "count": 230
        },
        "CarDriver.Policy.ExtrinsicReward.mean": {
            "value": 36.57708320269982,
            "min": 1.8854161802058418,
            "max": 39.70714269000657,
            "count": 230
        },
        "CarDriver.Policy.ExtrinsicReward.sum": {
            "value": 1755.6999937295914,
            "min": 90.49997664988041,
            "max": 2202.2499896883965,
            "count": 230
        },
        "CarDriver.IsTraining.mean": {
            "value": 1.0,
            "min": 1.0,
            "max": 1.0,
            "count": 230
        },
        "CarDriver.IsTraining.sum": {
            "value": 1.0,
            "min": 1.0,
            "max": 1.0,
            "count": 230
        },
        "CarDriver.Losses.PolicyLoss.mean": {
            "value": 0.01951172322345277,
            "min": 0.01457008848277231,
            "max": 0.03529579405051966,
            "count": 221
        },
        "CarDriver.Losses.PolicyLoss.sum": {
            "value": 0.01951172322345277,
            "min": 0.01457008848277231,
            "max": 0.03529579405051966,
            "count": 221
        },
        "CarDriver.Losses.ValueLoss.mean": {
            "value": 12.880906550089518,
            "min": 9.562707042694091,
            "max": 15.87691396077474,
            "count": 221
        },
        "CarDriver.Losses.ValueLoss.sum": {
            "value": 12.880906550089518,
            "min": 9.562707042694091,
            "max": 15.87691396077474,
            "count": 221
        },
        "CarDriver.Policy.LearningRate.mean": {
            "value": 0.00023104994298336006,
            "min": 0.00023104994298336006,
            "max": 0.00029968896010368,
            "count": 221
        },
        "CarDriver.Policy.LearningRate.sum": {
            "value": 0.00023104994298336006,
            "min": 0.00023104994298336006,
            "max": 0.00029968896010368,
            "count": 221
        },
        "CarDriver.Policy.Epsilon.mean": {
            "value": 0.17701663999999998,
            "min": 0.17701663999999998,
            "max": 0.19989631999999996,
            "count": 221
        },
        "CarDriver.Policy.Epsilon.sum": {
            "value": 0.17701663999999998,
            "min": 0.17701663999999998,
            "max": 0.19989631999999996,
            "count": 221
        },
        "CarDriver.Policy.Beta.mean": {
            "value": 0.003853130336000001,
            "min": 0.003853130336000001,
            "max": 0.004994826368,
            "count": 221
        },
        "CarDriver.Policy.Beta.sum": {
            "value": 0.003853130336000001,
            "min": 0.003853130336000001,
            "max": 0.004994826368,
            "count": 221
        }
    },
    "metadata": {
        "timer_format_version": "0.1.0",
        "start_time_seconds": "1717878708",
        "python_version": "3.8.0 (tags/v3.8.0:fa919fd, Oct 14 2019, 19:37:50) [MSC v.1916 64 bit (AMD64)]",
        "command_line_arguments": "C:\\Users\\Gabriel Zambelli\\Desktop\\7o Quadrimestre\\CompGraf\\TrayRacing\\venv\\Scripts\\mlagents-learn --run-id=run6 results\\configuration2.yaml --initialize-from=run5",
        "mlagents_version": "0.29.0",
        "mlagents_envs_version": "0.29.0",
        "communication_protocol_version": "1.5.0",
        "pytorch_version": "2.2.1+cpu",
        "numpy_version": "1.21.2",
        "end_time_seconds": "1717940411"
    },
    "total": 61708.5023969,
    "count": 1,
    "self": 0.025942000007489696,
    "children": {
        "run_training.setup": {
            "total": 0.9789500000000011,
            "count": 1,
            "self": 0.9789500000000011
        },
        "TrainerController.start_learning": {
            "total": 61707.4975049,
            "count": 1,
            "self": 6.012358300053165,
            "children": {
                "TrainerController._reset_env": {
                    "total": 69.7780952,
                    "count": 1,
                    "self": 69.7780952
                },
                "TrainerController.advance": {
                    "total": 61631.37736389995,
                    "count": 192291,
                    "self": 6.478753699826484,
                    "children": {
                        "env_step": {
                            "total": 60538.04654649999,
                            "count": 192291,
                            "self": 60097.12231830008,
                            "children": {
                                "SubprocessEnvManager._take_step": {
                                    "total": 436.4140832000113,
                                    "count": 192291,
                                    "self": 17.4413237999579,
                                    "children": {
                                        "TorchPolicy.evaluate": {
                                            "total": 418.9727594000534,
                                            "count": 192291,
                                            "self": 93.97105240017521,
                                            "children": {
                                                "TorchPolicy.sample_actions": {
                                                    "total": 325.0017069998782,
                                                    "count": 192291,
                                                    "self": 325.0017069998782
                                                }
                                            }
                                        }
                                    }
                                },
                                "workers": {
                                    "total": 4.510144999901243,
                                    "count": 192290,
                                    "self": 0.0,
                                    "children": {
                                        "worker_root": {
                                            "total": 61557.80288359981,
                                            "count": 192290,